<?xml version="1.0" encoding="UTF-8"?>
<!DOCTYPE mapper PUBLIC "-//mybatis.org//DTD Mapper 3.0//EN" "http://mybatis.org/dtd/mybatis-3-mapper.dtd">
<mapper namespace="project.system.mapper.CloudfileMapper">
  <resultMap id="BaseResultMap" type="project.system.domain.Cloudfile">
    <id column="file_id" jdbcType="INTEGER" property="fileId" />
    <result column="file_name" jdbcType="VARCHAR" property="fileName" />
    <result column="file_size" jdbcType="DOUBLE" property="fileSize" />
    <result column="file_suffix" jdbcType="VARCHAR" property="fileSuffix" />
    <result column="user_id" jdbcType="INTEGER" property="userId" />
    <result column="file_url" jdbcType="VARCHAR" property="fileUrl" />
    <result column="file_upload_time" jdbcType="TIMESTAMP" property="fileUploadTime" />
  </resultMap>
  <sql id="Base_Column_List">
    file_id, file_name, file_size, file_suffix, user_id, file_url, file_upload_time
  </sql>
<!--  搜索文件@author-李星鹏 -->
  <select id="searchFileByKey" parameterType="java.lang.String" resultMap="BaseResultMap">
    select
    <include refid="Base_Column_List"/>
    from cloudfile
    where file_name like '%${key}%' and user_id=#{userId,jdbcType=INTEGER}
    order by file_upload_time desc
  </select>
<!--  获取用的所有文件@author-李星鹏-->
  <select id="queryAllFiles" parameterType="java.lang.Integer" resultMap="BaseResultMap">
    select
    <include refid="Base_Column_List"/>
    from cloudfile
    where user_id=#{userId,jdbcType=INTEGER}
    order by file_upload_time desc
  </select>
 <!--  分页获取用户的文件列表@author-李星鹏-->
  <select id="getCloudFilesLimited" parameterType="java.lang.Integer" resultMap="BaseResultMap">
    select
    <include refid="Base_Column_List"/>
    from cloudfile
    where user_id=#{userId,jdbcType=INTEGER}
    order by file_upload_time desc
    limit #{pageSize} offset #{offset}
  </select>
  <select id="selectByPrimaryKey" parameterType="java.lang.Integer" resultMap="BaseResultMap">
    select 
    <include refid="Base_Column_List" />
    from cloudfile
    where file_id = #{fileId,jdbcType=INTEGER}
  </select>
  <delete id="deleteByPrimaryKey" parameterType="java.lang.Integer">
    delete from cloudfile
    where file_id = #{fileId,jdbcType=INTEGER}
  </delete>
  <insert id="insert" parameterType="project.system.domain.Cloudfile">
    insert into cloudfile (file_id, file_name, file_size, 
      file_suffix, user_id, file_url, 
      file_upload_time)
    values (#{fileId,jdbcType=INTEGER}, #{fileName,jdbcType=VARCHAR}, #{fileSize,jdbcType=DOUBLE}, 
      #{fileSuffix,jdbcType=VARCHAR}, #{userId,jdbcType=INTEGER}, #{fileUrl,jdbcType=VARCHAR}, 
      #{fileUploadTime,jdbcType=TIMESTAMP})
  </insert>
  <insert id="insertSelective" parameterType="project.system.domain.Cloudfile">
    insert into cloudfile
    <trim prefix="(" suffix=")" suffixOverrides=",">
      <if test="fileId != null">
        file_id,
      </if>
      <if test="fileName != null">
        file_name,
      </if>
      <if test="fileSize != null">
        file_size,
      </if>
      <if test="fileSuffix != null">
        file_suffix,
      </if>
      <if test="userId != null">
        user_id,
      </if>
      <if test="fileUrl != null">
        file_url,
      </if>
      <if test="fileUploadTime != null">
        file_upload_time,
      </if>
    </trim>
    <trim prefix="values (" suffix=")" suffixOverrides=",">
      <if test="fileId != null">
        #{fileId,jdbcType=INTEGER},
      </if>
      <if test="fileName != null">
        #{fileName,jdbcType=VARCHAR},
      </if>
      <if test="fileSize != null">
        #{fileSize,jdbcType=DOUBLE},
      </if>
      <if test="fileSuffix != null">
        #{fileSuffix,jdbcType=VARCHAR},
      </if>
      <if test="userId != null">
        #{userId,jdbcType=INTEGER},
      </if>
      <if test="fileUrl != null">
        #{fileUrl,jdbcType=VARCHAR},
      </if>
      <if test="fileUploadTime != null">
        #{fileUploadTime,jdbcType=TIMESTAMP},
      </if>
    </trim>
  </insert>
  <update id="updateByPrimaryKeySelective" parameterType="project.system.domain.Cloudfile">
    update cloudfile
    <set>
      <if test="fileName != null">
        file_name = #{fileName,jdbcType=VARCHAR},
      </if>
      <if test="fileSize != null">
        file_size = #{fileSize,jdbcType=DOUBLE},
      </if>
      <if test="fileSuffix != null">
        file_suffix = #{fileSuffix,jdbcType=VARCHAR},
      </if>
      <if test="userId != null">
        user_id = #{userId,jdbcType=INTEGER},
      </if>
      <if test="fileUrl != null">
        file_url = #{fileUrl,jdbcType=VARCHAR},
      </if>
      <if test="fileUploadTime != null">
        file_upload_time = #{fileUploadTime,jdbcType=TIMESTAMP},
      </if>
    </set>
    where file_id = #{fileId,jdbcType=INTEGER}
  </update>
  <update id="updateByPrimaryKey" parameterType="project.system.domain.Cloudfile">
    update cloudfile
    set file_name = #{fileName,jdbcType=VARCHAR},
      file_size = #{fileSize,jdbcType=DOUBLE},
      file_suffix = #{fileSuffix,jdbcType=VARCHAR},
      user_id = #{userId,jdbcType=INTEGER},
      file_url = #{fileUrl,jdbcType=VARCHAR},
      file_upload_time = #{fileUploadTime,jdbcType=TIMESTAMP}
    where file_id = #{fileId,jdbcType=INTEGER}
  </update>
</mapper>