<?xml version="1.0" encoding="UTF-8"?>
<!DOCTYPE mapper PUBLIC "-//mybatis.org//DTD Mapper 3.0//EN" "http://mybatis.org/dtd/mybatis-3-mapper.dtd">
<mapper namespace="project.system.mapper.CompanyMapper">
  <resultMap id="BaseResultMap" type="project.system.domain.Company">
    <id column="company_id" jdbcType="INTEGER" property="companyId" />
    <result column="company_name" jdbcType="VARCHAR" property="companyName" />
    <result column="company_admin" jdbcType="INTEGER" property="companyAdmin" />
    <result column="company_invite_code" jdbcType="CHAR" property="companyInviteCode" />
  </resultMap>
  <sql id="Base_Column_List">
    company_id, company_name, company_admin, company_invite_code
  </sql>
  <select id="selectByCode" parameterType="java.lang.String" resultMap="BaseResultMap">
    select
    <include refid="Base_Column_List" />
    from company
    where company_invite_code = #{companyCode,jdbcType=VARCHAR}
  </select>
  <select id="selectByName" parameterType="java.lang.String" resultMap="BaseResultMap">
    select
    <include refid="Base_Column_List" />
    from company
    where company_name = #{companyName,jdbcType=VARCHAR}
  </select>
  <select id="selectByPrimaryKey" parameterType="java.lang.Integer" resultMap="BaseResultMap">
    select
    <include refid="Base_Column_List" />
    from company
    where company_id = #{companyId,jdbcType=INTEGER}
  </select>
  <delete id="deleteByPrimaryKey" parameterType="java.lang.Integer">
    delete from company
    where company_id = #{companyId,jdbcType=INTEGER}
  </delete>
  <insert id="insert" parameterType="project.system.domain.Company">
    insert into company (company_id, company_name, company_admin,
      company_invite_code)
    values (#{companyId,jdbcType=INTEGER}, #{companyName,jdbcType=VARCHAR}, #{companyAdmin,jdbcType=INTEGER},
      #{companyInviteCode,jdbcType=CHAR})
  </insert>
  <insert id="insertSelective" parameterType="project.system.domain.Company">
    insert into company
    <trim prefix="(" suffix=")" suffixOverrides=",">
      <if test="companyId != null">
        company_id,
      </if>
      <if test="companyName != null">
        company_name,
      </if>
      <if test="companyAdmin != null">
        company_admin,
      </if>
      <if test="companyInviteCode != null">
        company_invite_code,
      </if>
    </trim>
    <trim prefix="values (" suffix=")" suffixOverrides=",">
      <if test="companyId != null">
        #{companyId,jdbcType=INTEGER},
      </if>
      <if test="companyName != null">
        #{companyName,jdbcType=VARCHAR},
      </if>
      <if test="companyAdmin != null">
        #{companyAdmin,jdbcType=INTEGER},
      </if>
      <if test="companyInviteCode != null">
        #{companyInviteCode,jdbcType=CHAR},
      </if>
    </trim>
  </insert>
  <update id="updateByPrimaryKeySelective" parameterType="project.system.domain.Company">
    update company
    <set>
      <if test="companyName != null">
        company_name = #{companyName,jdbcType=VARCHAR},
      </if>
      <if test="companyAdmin != null">
        company_admin = #{companyAdmin,jdbcType=INTEGER},
      </if>
      <if test="companyInviteCode != null">
        company_invite_code = #{companyInviteCode,jdbcType=CHAR},
      </if>
    </set>
    where company_id = #{companyId,jdbcType=INTEGER}
  </update>
  <update id="updateByPrimaryKey" parameterType="project.system.domain.Company">
    update company
    set company_name = #{companyName,jdbcType=VARCHAR},
      company_admin = #{companyAdmin,jdbcType=INTEGER},
      company_invite_code = #{companyInviteCode,jdbcType=CHAR}
    where company_id = #{companyId,jdbcType=INTEGER}
  </update>
</mapper>
