<?xml version="1.0" encoding="UTF-8"?>
<!DOCTYPE mapper PUBLIC "-//mybatis.org//DTD Mapper 3.0//EN" "http://mybatis.org/dtd/mybatis-3-mapper.dtd">
<mapper namespace="project.system.mapper.DeptMapper">
  <resultMap id="BaseResultMap" type="project.system.domain.Dept">
    <id column="dept_id" jdbcType="INTEGER" property="deptId" />
    <result column="dept_name" jdbcType="VARCHAR" property="deptName" />
    <result column="dept_master" jdbcType="INTEGER" property="deptMaster" />
    <result column="company_id" jdbcType="INTEGER" property="companyId" />
  </resultMap>
  <sql id="Base_Column_List">
    dept_id, dept_name, dept_master, company_id
  </sql>
  <select id="selectByCompanyId" parameterType="java.lang.Integer" resultMap="BaseResultMap">
    select
    <include refid="Base_Column_List" />
    from dept
    where company_id = #{companyId,jdbcType=INTEGER}
  </select>
  <select id="selectByName" parameterType="java.lang.String" resultMap="BaseResultMap">
    select
    <include refid="Base_Column_List" />
    from dept
    where dept_name = #{deptName,jdbcType=VARCHAR}
  </select>
  <select id="selectByPrimaryKey" parameterType="java.lang.Integer" resultMap="BaseResultMap">
    select
    <include refid="Base_Column_List" />
    from dept
    where dept_id = #{deptId,jdbcType=INTEGER}
  </select>
  <delete id="deleteByPrimaryKey" parameterType="java.lang.Integer">
    delete from dept
    where dept_id = #{deptId,jdbcType=INTEGER}
  </delete>
  <insert id="insert" parameterType="project.system.domain.Dept">
    insert into dept (dept_id, dept_name, dept_master,
      company_id)
    values (#{deptId,jdbcType=INTEGER}, #{deptName,jdbcType=VARCHAR}, #{deptMaster,jdbcType=INTEGER},
      #{companyId,jdbcType=INTEGER})
  </insert>
  <insert id="insertSelective" parameterType="project.system.domain.Dept" useGeneratedKeys="true" keyProperty="deptId" keyColumn="dept_id">
    insert into dept
    <trim prefix="(" suffix=")" suffixOverrides=",">
      <if test="deptId != null">
        dept_id,
      </if>
      <if test="deptName != null">
        dept_name,
      </if>
      <if test="deptMaster != null">
        dept_master,
      </if>
      <if test="companyId != null">
        company_id,
      </if>
    </trim>
    <trim prefix="values (" suffix=")" suffixOverrides=",">
      <if test="deptId != null">
        #{deptId,jdbcType=INTEGER},
      </if>
      <if test="deptName != null">
        #{deptName,jdbcType=VARCHAR},
      </if>
      <if test="deptMaster != null">
        #{deptMaster,jdbcType=INTEGER},
      </if>
      <if test="companyId != null">
        #{companyId,jdbcType=INTEGER},
      </if>
    </trim>
  </insert>
  <update id="updateByPrimaryKeySelective" parameterType="project.system.domain.Dept">
    update dept
    <set>
      <if test="deptName != null">
        dept_name = #{deptName,jdbcType=VARCHAR},
      </if>
      <if test="deptMaster != null">
        dept_master = #{deptMaster,jdbcType=INTEGER},
      </if>
      <if test="companyId != null">
        company_id = #{companyId,jdbcType=INTEGER},
      </if>
    </set>
    where dept_id = #{deptId,jdbcType=INTEGER}
  </update>
  <update id="updateByPrimaryKey" parameterType="project.system.domain.Dept">
    update dept
    set dept_name = #{deptName,jdbcType=VARCHAR},
      dept_master = #{deptMaster,jdbcType=INTEGER},
      company_id = #{companyId,jdbcType=INTEGER}
    where dept_id = #{deptId,jdbcType=INTEGER}
  </update>
</mapper>
